epoch,time,train/box_loss,train/cls_loss,train/dfl_loss,metrics/precision(B),metrics/recall(B),metrics/mAP50(B),metrics/mAP50-95(B),val/box_loss,val/cls_loss,val/dfl_loss,lr/pg0,lr/pg1,lr/pg2
1,526.93,2.67504,2.78038,2.35327,0.29856,0.27962,0.19956,0.07428,3.17618,2.61169,3.12435,0.00331776,0.00331776,0.00331776
2,869.805,2.07176,2.03043,1.81623,0.40188,0.33669,0.29265,0.12277,3.05304,2.33685,2.96668,0.00664451,0.00664451,0.00664451
3,1206.99,1.91243,1.7375,1.65368,0.50064,0.3521,0.34767,0.16247,2.95917,2.252,3.22733,0.00996465,0.00996465,0.00996465
4,1569.59,1.83888,1.63732,1.59592,0.49996,0.38709,0.37375,0.17671,2.83421,2.39611,2.71238,0.0099703,0.0099703,0.0099703
