epoch,time,train/box_loss,train/cls_loss,train/dfl_loss,metrics/precision(B),metrics/recall(B),metrics/mAP50(B),metrics/mAP50-95(B),val/box_loss,val/cls_loss,val/dfl_loss,lr/pg0,lr/pg1,lr/pg2
1,38.5258,2.03959,8.50091,1.68645,0.00021,0.43945,0.00101,0.00043,0.24835,707.934,0.18469,0.0024,0.0024,0.0024
2,76.7105,1.82778,6.54176,1.4984,0.00027,0.57439,0.02294,0.00924,0.25709,685.316,0.18485,0.00489515,0.00489515,0.00489515
3,109.887,1.96501,5.16575,1.55308,0.01597,0.19031,0.02949,0.01388,0.2856,251.697,0.23,0.00738535,0.00738535,0.00738535
4,138.195,2.33585,3.50063,1.78388,0.00642,0.04844,0.00139,0.00039,0.38117,6103.32,0.31967,0.0098706,0.0098706,0.0098706
5,158.471,2.38792,2.93452,1.91536,0.01818,0.08239,0.0073,0.00186,0.36499,1800.57,0.3767,0.0099604,0.0099604,0.0099604
6,181.145,2.36601,2.72802,1.93968,0.00871,0.0519,0.00221,0.0007,0.35128,5975.07,0.31919,0.0099505,0.0099505,0.0099505
